"","X1","X2","X3","X4","X5","y"
"1",-1,-0.264662987086922,-0.192779619712383,-0.465299080591649,0.808410879224539,-11.8649410166476
"2",-1,-0.923294544685632,-0.547254684381187,-0.444021626841277,0.62448818795383,-13.3639711208327
"3",-1,-0.188453499693424,0.804696197155863,0.957672234624624,-0.496403169818223,-4.63059677233974
"4",-1,-0.932594283018261,-0.919310207478702,0.847294924780726,-0.699600256048143,-7.92973977849844
"5",-1,0.636461608111858,0.240884599741548,0.915008993353695,-0.504224113654345,9.08385494850096
"6",-1,0.66404523793608,0.271891446318477,0.0730353118851781,0.602375482674688,-3.30667449031116
"7",-1,-0.631504553835839,-0.23572587640956,0.574523286893964,-0.710798747371882,6.26670167388955
"8",-1,0.424715757835656,0.161927468609065,0.320305062457919,-0.798401053529233,-6.00239296225422
"9",-1,0.314295625779778,0.338475476484746,0.735994149465114,-0.361893242225051,-1.45906122678535
"10",-1,0.415747801307589,0.0182789098471403,0.00914730923250318,0.411861333530396,4.45441648414908
"11",-1,-0.192458691541106,0.43868602020666,0.0102886739186943,-0.275398064404726,0.312602200239959
"12",-1,-0.148756705690175,0.104896515142173,0.243231211323291,-0.791966450866312,-7.4466666342734
"13",-1,0.391398828476667,0.721207452937961,0.146099261008203,-0.99942249013111,14.9364370869404
"14",-1,0.0323642031289637,0.698734689038247,-0.870813197921962,0.290325328242034,34.9591348970501
"15",-1,-0.22587254922837,0.380194107536227,0.288253630511463,0.0776004581712186,-9.9824497379512
"16",-1,-0.438701631966978,0.253106052521616,0.75247899396345,0.414874610025436,-14.874062501968
"17",-1,0.46551006520167,0.818772981408983,0.413221322000027,-0.521997466683388,19.4096524894322
"18",-1,0.400713917333633,0.01952093699947,0.708655804395676,0.481024825479835,13.4313253711153
"19",-1,-0.289868887048215,-0.537725233472884,-0.337498323991895,-0.248068310786039,-2.83597706550128
"20",-1,0.304990893695503,-0.00996743235737085,-0.229414029978216,-0.336735286284238,7.07350358539782
"21",-1,0.491056187544018,-0.312560548074543,0.331088149454445,-0.192914804909378,1.27294052761739
"22",-1,0.866899921093136,0.976413001306355,0.624034150037915,0.676414616871625,0.0673225082587137
"23",-1,-0.878867056686431,-0.98106597084552,-0.522558022290468,0.907309236004949,-6.85622129934767
"24",-1,0.923215571325272,0.651788361836225,0.127716754563153,-0.991839498281479,10.9800268322113
"25",-1,0.51770133106038,-0.990049762651324,0.874670561403036,-0.873758649453521,-4.27423920281044
"26",-1,-0.0750608700327575,0.725166318938136,0.269948056899011,0.373498032335192,-4.66304477299811
"27",-1,0.589643181301653,0.918996217194945,-0.775331730488688,0.54419375769794,7.30890714576634
"28",-1,0.20103358803317,0.628105643205345,0.0364890899509192,0.964171282015741,12.3572166885982
"29",-1,-0.591865547001362,0.613491692580283,0.17340769385919,-0.334077502135187,-0.609751046880535
"30",-1,-0.819810506887734,0.811485530808568,-0.379158977419138,0.420208603143692,12.8115447013173
"31",-1,0.283218761906028,-0.171981690451503,0.931823594495654,0.567094813566655,-4.35778943107348
"32",-1,0.517190747428685,-0.274805654771626,-0.764576956629753,-0.223228167276829,8.71399592753112
"33",-1,0.31509122857824,0.985018944833428,0.193658929783851,0.54470499465242,-8.51771142274374
"34",-1,-0.0164444791153073,-0.972840988542885,-0.70138699375093,0.520296362694353,-13.8028888140508
"35",-1,0.757618866860867,-0.18886516848579,0.788285098504275,-0.870660961139947,4.05256109261966
"36",-1,-0.419093107338995,-0.0846292516216636,-0.645595158450305,-0.207473604008555,-2.62884973164996
"37",-1,-0.138400135561824,0.152789636515081,0.0631296974606812,-0.606140958610922,7.86587682826977
"38",-1,0.216443825978786,0.638404856435955,-0.234422184061259,-0.634628807660192,24.7549317453773
"39",-1,-0.204665993805975,0.32273435080424,0.688577147666365,0.815686077810824,-5.85409209306041
"40",-1,-0.338801281526685,-0.148780594114214,-0.541439292021096,0.153282516635954,14.2359934124558
"41",-1,-0.549345143139362,-0.695684830658138,0.00946842413395643,0.920926205813885,4.8094779731265
"42",-1,-0.564813087694347,0.646228211000562,-0.521158792078495,-0.883079316467047,9.97256029310915
"43",-1,0.920649808831513,-0.377083192113787,0.948723744601011,0.14176733745262,-2.77628612150489
"44",-1,-0.335945509374142,0.250475013628602,-0.831225670874119,-0.0334921358153224,7.10962821903734
"45",-1,0.636283865198493,0.663851853460073,0.392584845423698,-0.257926510181278,3.12924727993527
"46",-1,0.48983990913257,0.984791369177401,-0.654456032440066,-0.802260286640376,29.4962010111624
"47",-1,0.476637931074947,-0.330142340157181,0.798276899382472,-0.171271496452391,-4.97808704091078
"48",-1,0.558396954089403,0.354089194908738,0.144123021978885,-0.75791425909847,8.12363713468052
"49",-1,0.558801864739507,0.436129936482757,0.981188736855984,-0.900288184639066,13.3625713727534
"50",-1,-0.485241869464517,-0.550120092462748,-0.322105615399778,0.269043749198318,-2.1993235514406
"51",-1,0.710747097618878,0.378102785907686,0.528765550814569,-0.716035982593894,-2.9973107833047
"52",-1,0.109976123552769,-0.835027746390551,0.659936159383506,0.606081875041127,-4.55022192492967
"53",-1,0.144081674981862,0.1570965051651,0.360740461852401,0.432534231804311,-3.26400203228922
"54",-1,0.238929111976177,0.987581310793757,0.00551501987501979,0.505029636900872,-14.7170725575743
"55",-1,-0.817147517111152,-0.430159874726087,0.998859575483948,0.133242702577263,13.67938399678
"56",-1,0.709693455602974,0.278635389171541,0.451444024220109,-0.488354606553912,15.5773502594662
"57",-1,0.135057428851724,0.885441374965012,0.0242725741118193,0.0184244364500046,0.157448371798473
"58",-1,0.0838233092799783,0.28962020855397,0.73112024134025,-0.807872205972672,-5.44226366128826
"59",-1,-0.548726389650255,-0.58177053462714,0.788148778025061,-0.0166046740487218,-17.3486657487516
"60",-1,-0.936340651009232,-0.946946796961129,0.923158773221076,-0.703011360485107,-26.4418704299694
"61",-1,0.648128881584853,-0.727820543106645,0.486663565505296,0.963668935000896,3.21968727807172
"62",-1,0.745113683398813,0.373747672885656,0.172056404408067,0.152484659571201,21.7848030811512
"63",-1,-0.198880342300981,-0.974138563498855,-0.0696026119403541,0.0686630951240659,-12.8917558566079
"64",-1,-0.344292091671377,0.905810832977295,-0.683355323970318,-0.782667031977326,15.3071134644074
"65",-1,-0.270038964692503,-0.435153489466757,0.447006677277386,-0.361412603408098,-0.797162539698989
"66",-1,0.477557588834316,0.804889405611902,0.946090118959546,-0.847709704190493,4.23357785730094
"67",-1,-0.0768645671196282,0.558438069652766,-0.842469301074743,-0.261294370051473,3.16725242809189
"68",-1,0.360694049391896,-0.363465623930097,-0.242592870723456,0.300935936160386,-7.05495999767322
"69",-1,-0.627626787871122,-0.836925628595054,-0.771620284300297,0.478046354372054,1.00784260166373
"70",-1,-0.683948672376573,-0.418522888794541,-0.377852130681276,0.71180286584422,2.77444239252731
"71",-1,-0.717190462164581,-0.947062260471284,0.164751564152539,0.841298292856663,-0.158274966495992
"72",-1,0.592190376017243,0.376324988901615,-0.249992812983692,-0.420468442607671,19.6806863632181
"73",-1,-0.595794210210443,0.0784687804989517,-0.146969937253743,-0.233832387253642,6.8592307712369
"74",-1,-0.483049097470939,-0.81036258675158,-0.142848508898169,-0.148348755668849,11.4461882213474
"75",-1,-0.346857961267233,-0.218194053508341,-0.48215202242136,-0.521081695798784,4.99390656904664
"76",-1,-0.426074357237667,-0.542530705686659,-0.547576086129993,-0.105657355859876,4.12625886710443
"77",-1,0.427383045200258,0.0842055506072938,0.64372270507738,-0.335012916941196,-5.33367758300453
"78",-1,-0.704676715191454,-0.321355026680976,0.262209967244416,0.880260308738798,-3.90518124279005
"79",-1,-0.487387078814209,-0.746267770417035,0.587625762447715,-0.110370664391667,-13.9016922010163
"80",-1,0.972581936046481,0.352413016371429,0.619242469780147,-0.439849769230932,-11.5039310124626
"81",-1,-0.712778681889176,-0.560066672507674,0.581529723480344,0.590526687912643,-4.99769662074575
"82",-1,-0.0345447920262814,-0.757324419915676,-0.986038370523602,0.305203304626048,5.47698917049893
"83",-1,0.396919080987573,-0.0692491824738681,0.085871912073344,-0.687340189702809,14.5117522986098
"84",-1,0.910443623550236,0.844944334123284,-0.775303252507001,-0.744531324133277,2.1760634460414
"85",-1,-0.792854691855609,0.264515733812004,-0.0644569648429751,-0.0888340827077627,18.3694327547604
"86",-1,0.319290098268539,-0.357801612466574,0.750874019693583,-0.170437755994499,-10.6179744772926
"87",-1,0.215966504067183,0.306240350939333,0.508588718716055,0.911377833224833,-6.72828050167688
"88",-1,-0.714497579261661,0.474678906146437,-0.15398957580328,-0.090010080486536,6.81486010869607
"89",-1,-0.226506545208395,-0.55838434305042,0.819242442958057,0.0435395380482078,11.5942940919939
"90",-1,-0.529291766230017,0.669934456702322,-0.165427535306662,0.822473015170544,6.80491596921899
"91",-1,0.725142511539161,-0.893872468732297,0.838011760264635,0.965299884323031,-13.2067056102679
"92",-1,-0.780879569239914,-0.619555655866861,-0.231109212618321,-0.00771823804825544,-1.59940095136687
"93",-1,-0.972557032946497,0.373114055488259,0.134765677154064,0.134554756805301,-2.78973543845416
"94",-1,-0.823727587703615,0.799128569662571,0.0318384603597224,-0.724557607900351,2.12560627102005
"95",-1,0.993378569371998,-0.618174631148577,0.824262737296522,0.495862294919789,-0.0608015986631174
"96",-1,-0.149801681749523,0.335088061634451,-0.521598543506116,0.516408969182521,-18.734434074222
"97",-1,-0.640233783051372,0.758313695900142,-0.739049031864852,-0.803568448871374,10.2538120091451
"98",-1,0.86802077665925,-0.196823801845312,-0.68150776065886,-0.184497168753296,-2.46868829760724
"99",-1,0.378509403206408,-0.703224746044725,0.177592812106013,0.864249545149505,13.0393440813163
"100",-1,0.42048906115815,0.905501116067171,-0.467713416554034,0.993809456937015,-1.6161530806221
"101",-1,-0.378491419833153,-0.990592490881681,-0.237143632955849,0.465216066688299,-8.18396631604919
"102",-1,0.671341729350388,-0.249078429304063,0.735371900256723,0.720722813159227,-25.2277311428841
"103",-1,0.745313114952296,0.458885385654867,0.706316746305674,-0.898770568426698,11.0369181948171
"104",-1,-0.585312057286501,-0.0619590166024864,-0.0845158076845109,0.965197307057679,-4.14457149839526
"105",-1,0.0221803854219615,-0.869702518451959,0.0603684429079294,-0.198975307866931,2.072628962099
"106",-1,0.453674818854779,0.78522116644308,-0.215235726442188,-0.320017717778683,19.271607550188
"107",-1,0.33041586400941,0.258121797349304,0.00750088971108198,-0.870447053574026,-1.6775451185291
"108",-1,0.278390750288963,0.705337357707322,-0.375900568440557,-0.0344541599042714,14.5563193246318
"109",-1,0.518772360403091,0.640492596663535,0.435917657800019,-0.958689145278186,8.59125808743508
"110",-1,0.390057619195431,-0.586031046230346,0.386488928925246,0.10235381545499,6.37761969069126
"111",-1,-0.0894664293155074,-0.635005949996412,-0.762078209780157,0.764941044617444,-1.14153613804926
"112",-1,0.229024882894009,0.540054912213236,0.739021283108741,-0.477560703642666,-1.08181279457367
"113",-1,-0.0955413253977895,0.918262843973935,0.694316218607128,-0.333597901277244,-2.32152215657816
"114",-1,0.858870992437005,-0.615694885607809,0.653610565233976,-0.782668408937752,9.94173097928047
"115",-1,-0.162680737208575,0.338273191824555,-0.39292375696823,0.972075500059873,12.5267294030759
"116",-1,0.868939793668687,-0.852832965087146,-0.328275702428073,-0.765350058209151,2.77949321164324
"117",-1,0.817788642365485,-0.597389100119472,0.513567130547017,0.381118022371083,14.369718711139
"118",-1,0.732681732624769,-0.117317336145788,-0.983985225204378,0.684685065876693,-4.23041279296874
"119",-1,0.243769321125001,0.885719201061875,-0.396563651505858,0.322439766488969,7.67200712608013
"120",-1,-0.995713617652655,0.429362506140023,0.33585571218282,0.409552855882794,-9.10340694311067
"121",-1,0.465793658979237,0.294282528571784,0.943289525341243,-0.120413694065064,18.7399665886669
"122",-1,0.624883688054979,-0.556771383155137,0.295956852380186,-0.0414455798454583,2.47801552656979
"123",-1,0.924103679135442,0.0935074333101511,-0.866078705526888,0.225233010947704,-2.49292879998922
"124",-1,0.762262679170817,0.0280634956434369,0.239428928121924,-0.763112768065184,8.11548024610521
"125",-1,0.167463239748031,-0.328054279088974,-0.296339776366949,0.449788018129766,9.26380774977149
"126",-1,0.435316048562527,0.734828815795481,-0.454348223283887,-0.257249001413584,13.4982351444708
"127",-1,0.369412530213594,0.962478708475828,0.0155599196441472,-0.140130646992475,7.169487204967
"128",-1,-0.627163208089769,0.0292060221545398,-0.0338853043504059,0.355165522545576,0.122356456288994
"129",-1,0.073906019795686,-0.186862044967711,-0.977590904571116,-0.153025700245053,8.34985137702998
"130",-1,-0.838145178277045,0.314019828569144,0.112127494066954,0.20868714293465,-14.6549781171636
"131",-1,0.942961083725095,0.862653465941548,-0.397802928928286,0.536924892570823,12.9007508938332
"132",-1,-0.715581794269383,-0.356464112177491,-0.569305325392634,-0.461481304839253,14.31285001813
"133",-1,0.516920223366469,-0.211536714341491,-0.229914461728185,0.488807324785739,-7.4448998689702
"134",-1,-0.878339095506817,-0.733325087931007,-0.757889164146036,0.299035729374737,-1.88900284403704
"135",-1,-0.87308674165979,0.461800650227815,-0.426774096209556,0.410981292836368,-24.592369837931
"136",-1,-0.049897228833288,0.171380877494812,0.255249687936157,0.843120873905718,10.2492528335396
"137",-1,0.730295652523637,0.399040997959673,0.134483460802585,-0.237785674631596,-7.26067221920323
"138",-1,0.50062556611374,0.0994016295298934,0.549231033306569,0.78444882761687,-2.44591620415841
"139",-1,0.0251041180454195,-0.455725476611406,0.0600497126579285,0.594978716224432,-6.99933033042022
"140",-1,-0.0377523070201278,-0.731027880683541,0.22780063143,-0.338733102660626,6.89211307679711
"141",-1,0.0716655966825783,0.568307201378047,0.299373276066035,0.753613659646362,-6.73025316223053
"142",-1,0.356912287417799,0.926664904225618,0.261595719028264,-0.065528460778296,14.2579204604677
"143",-1,0.126467220019549,0.885232311673462,-0.248746030963957,0.260818767827004,-5.40256843873765
"144",-1,-0.498794216196984,-0.250896241981536,-0.354060428682715,0.408442516811192,0.1750296961555
"145",-1,0.793083486612886,0.367890941910446,0.0259480490349233,-0.794709163717926,8.9507542736391
"146",-1,0.42453674133867,0.759971961844712,-0.450789714232087,-0.554465050809085,9.76204035042154
"147",-1,-0.947666477877647,0.713299219496548,-0.434037926606834,0.443322378210723,-4.57914944580794
"148",-1,-0.527123448438942,-0.155644158367068,-0.922566669527441,-0.622283577453345,17.8563837688096
"149",-1,0.249853498768061,0.873465022072196,-0.383869531564415,-0.582272948697209,-3.64945892975905
"150",-1,-0.0373945906758308,0.583568489179015,0.345500993076712,0.490900181699544,3.41538624688644
"151",-1,-0.85252028144896,0.654859467875212,-0.41866710735485,-0.048725753556937,1.43440143539247
"152",-1,-0.151341207325459,0.75033592293039,0.704818970989436,0.843712872825563,2.54264462640671
"153",-1,-0.536291066557169,-0.734863943420351,0.941970587242395,-0.551123790908605,-9.48317366913767
"154",-1,0.923913942649961,-0.597600509412587,0.144387169741094,0.785274273250252,1.21578401730888
"155",-1,-0.987434050068259,-0.406780487392098,-0.869413278531283,0.923436693847179,-19.148618275268
"156",-1,-0.228456116747111,0.529140756465495,-0.0477998340502381,-0.413151505403221,2.74247569536773
"157",-1,-0.198373077437282,-0.577197446953505,0.165824675932527,-0.556080779060721,11.3040042682088
"158",-1,-0.682337156496942,0.337332728784531,0.137126753572375,0.672765580471605,0.206016333219349
"159",-1,-0.363856179174036,0.284556409809738,-0.452010332141072,-0.901308436878026,0.194174546902625
"160",-1,-0.671946075744927,0.635129034519196,0.784419607836753,0.717481083702296,-10.7057733492148
"161",-1,-0.874762306455523,-0.280027088709176,-0.939392126630992,-0.904947732575238,11.7296383297249
"162",-1,-0.930814483202994,-0.279549727216363,-0.966168151702732,-0.240676634479314,-6.50173396281075
"163",-1,0.0973829482682049,0.213099602609873,0.0160754900425673,0.474321035668254,-2.87785401166956
"164",-1,0.788365284912288,-0.819013000931591,-0.0268550394102931,0.146979056764394,3.19126136269082
"165",-1,0.906085140537471,-0.886367471423,-0.960985069628805,-0.604288265109062,23.4252828545565
"166",-1,0.55669353203848,0.131596579216421,0.612156546209008,-0.857906408142298,-5.10610451151103
"167",-1,-0.907785309478641,-0.556446295697242,-0.181945398449898,0.120846009813249,-10.4664792430647
"168",-1,-0.837921571917832,0.852527497336268,0.865604096092284,-0.781052138656378,-11.7530843191873
"169",-1,-0.8924132543616,0.11588039714843,0.137396167963743,0.345921640284359,-24.6293927601725
"170",-1,-0.866593146231025,0.989342010114342,0.337999558076262,-0.241447967477143,-4.7351188117002
"171",-1,-0.54312458820641,-0.258869381155819,0.633657337166369,-0.0711532388813794,11.8309375192546
"172",-1,-0.655388572253287,-0.639093790668994,0.995759871788323,0.595621398184448,-22.5723305038791
"173",-1,0.811856279615313,-0.314470971934497,-0.659299679566175,-0.143056872766465,14.5406057407394
"174",-1,0.784330719616264,0.453431526198983,-0.914175691548735,-0.953514915890992,-2.76241959215907
"175",-1,-0.223443828523159,0.606849615927786,0.156405745074153,-0.546499793417752,10.9952513759313
"176",-1,-0.330960285849869,0.214755997993052,-0.471158726606518,0.104400102049112,21.9998887525464
"177",-1,-0.222122793085873,-0.396852005273104,-0.296980553306639,0.605259255040437,-9.77100262604706
"178",-1,0.802655335515738,0.0188001939095557,-0.418991645798087,0.752342343796045,0.932489922475734
"179",-1,0.271251214668155,0.348013190086931,0.473059972282499,0.00516616040840745,-0.740430172339289
"180",-1,0.211213558446616,-0.127936294302344,-0.835271394345909,-0.686417757999152,-7.63545102021749
"181",-1,-0.202182725537568,-0.594241503160447,-0.556487671099603,0.773533674888313,-16.4897412455543
"182",-1,-0.0525643308646977,0.616089062765241,0.164184265770018,0.685052348300815,-24.5494849926549
"183",-1,0.463074096944183,0.857297980226576,-0.00629571406170726,0.845611569005996,9.93464932497861
"184",-1,-0.859753543511033,0.31464148266241,-0.146224237978458,0.820777897723019,19.0496171956941
"185",-1,-0.0989468991756439,0.0134174777194858,0.148743420373648,0.734349029604346,-15.1450702920961
"186",-1,-0.700374966487288,-0.957217936869711,0.595136922318488,-0.280349302571267,2.25980029222808
"187",-1,0.3534399503842,-0.245608104858547,-0.0661558066494763,0.176620479673147,7.96602963959425
"188",-1,0.417319958098233,0.221971426624805,0.143762696068734,-0.0553947896696627,-6.18090435824871
"189",-1,-0.106332182884216,0.658109266776592,-0.499040614813566,-0.269611886702478,-1.300834367322
"190",-1,-0.0264534195885062,0.469889959320426,-0.911854942794889,-0.788439006078988,12.000657598831
"191",-1,0.552760405000299,0.413812856189907,0.81411732500419,-0.673973097465932,9.73376655972229
"192",-1,0.684735740534961,-0.281582496128976,0.195609922520816,0.921174220740795,7.45486730478588
"193",-1,-0.174918510019779,0.279796244110912,-0.174058156087995,0.512811019551009,-7.70408169035409
"194",-1,-0.657558429520577,-0.9250751840882,0.439087895210832,-0.442700611427426,-3.79837733615335
"195",-1,-0.98825243441388,0.541840978432447,0.562277473509312,-0.927917080000043,-1.75394724053556
"196",-1,-0.610807260032743,0.261165171395987,-0.979683748912066,-0.668024881742895,5.86049796434282
"197",-1,0.759463488124311,0.0229235268197954,-0.653490602038801,0.026345890481025,-10.8865909586934
"198",-1,0.989872494246811,0.769407591316849,0.372204787097871,0.700170259922743,-3.5681890248401
"199",-1,-0.156924219802022,0.521028492134064,0.460043294355273,0.176632272079587,-3.10518817783363
"200",-1,0.308420587796718,0.663037112914026,-0.00433653732761741,0.607011459767818,-4.4164944003301
"201",-1,0.00707399565726519,0.453801108989865,-0.533113499172032,0.786766443401575,-0.729526743639903
"202",-1,0.916404435876757,0.381471952423453,-0.966162761673331,-0.610015586484224,21.9892654238864
"203",-1,-0.565241933334619,-0.184813189320266,0.81231761071831,0.552664641756564,-4.3435017701913
"204",-1,0.171649386174977,-0.440998577512801,0.118276435416192,-0.229541447944939,-2.51460202473159
"205",-1,0.285253394395113,0.312475399579853,0.365448950324208,0.937073902692646,-9.00509374727223
"206",-1,0.979369152337313,-0.719549963250756,-0.758103928063065,-0.114958490245044,7.93299849719032
"207",-1,0.908705120906234,-0.410582365468144,0.384373936802149,0.751489003188908,-8.78070818274908
"208",-1,-0.259323222562671,-0.524956078268588,-0.253477178514004,0.225811428856105,18.943084122593
"209",-1,-0.442369463387877,-0.852620066609234,0.666485084686428,0.871746705379337,-0.413422199602894
"210",-1,0.0254077417775989,0.722298613283783,-0.164572034962475,0.271101993974298,-5.53798449123626
"211",-1,0.972695128060877,0.868170911446214,0.950191301759332,-0.0776094789616764,12.1502257767897
"212",-1,0.55178238498047,-0.934844758827239,0.974623274058104,0.0238923104479909,2.37047439992758
"213",-1,-0.539450676646084,-0.847255730535835,-0.686228029429913,-0.915202568285167,4.51060719203972
"214",-1,0.978160792961717,-0.169275796506554,-0.08225108217448,0.952172793447971,8.54847391857717
"215",-1,0.401399131864309,-0.934188653249294,-0.739586373791099,-0.581340518780053,-7.76223920144369
"216",-1,0.252869224175811,0.189459607936442,0.0690907053649426,0.149137955158949,21.2805750974198
"217",-1,-0.745498027652502,0.532018471043557,0.432540702167898,-0.129065091256052,15.5550174442413
"218",-1,-0.807928203605115,-0.307390546426177,-0.17205050913617,-0.628298319876194,-32.071518182976
"219",-1,0.30797121906653,-0.61170312948525,-0.924396106507629,0.334531083703041,15.4989543874486
"220",-1,-0.566080095246434,-0.168185980524868,0.387280305847526,-0.591042240150273,-4.69360519058265
"221",-1,-0.226440733764321,-0.315830352716148,-0.939857599791139,-0.00152078783139586,-18.966872452349
"222",-1,0.159717995673418,0.113313792739064,-0.938320104964077,-0.917259739711881,9.02203698826789
"223",-1,0.286977860145271,-0.156906629912555,-0.901405587326735,-0.360392515081912,-1.2421154876969
"224",-1,-0.550777758006006,-0.328054375946522,0.00198999140411615,0.99097623443231,-2.62850311262337
"225",-1,-0.527659348212183,-0.532782356254756,-0.143264327663928,-0.236226646229625,4.61655997072454
"226",-1,0.842013622634113,-0.726581088732928,0.458338148891926,-0.798700731247663,16.9757608661993
"227",-1,0.288368782959878,0.78187964996323,-0.429228581022471,-0.624236562754959,2.37957983416777
"228",-1,0.800585521385074,0.34203242463991,0.0237724320031703,0.0294488011859357,-12.0254042734708
"229",-1,0.462679105810821,0.0586983812972903,0.993162506259978,0.456685167737305,-11.1520088281368
"230",-1,0.897419052198529,0.709093879908323,0.571587617509067,0.405972965992987,9.99182751253436
"231",-1,-0.171434625983238,0.0165131222456694,-0.443049643654376,0.271197978407145,-2.22045787987155
"232",-1,-0.721687199082226,-0.554889436345547,-0.162059335969388,0.0447376621887088,-4.47093350294896
"233",-1,-0.858461847994477,-0.478848389349878,-0.65976996999234,-0.7993606897071,5.14781065507429
"234",-1,0.095367684494704,0.406443649437279,0.303912837523967,-0.156547623220831,-12.3941827195659
"235",-1,-0.32517334073782,0.229012118652463,0.386072206776589,-0.555944539606571,7.66565520002676
"236",-1,-0.447053012438118,-0.755028810817748,0.127323095686734,-0.70749374339357,-0.869500602292232
"237",-1,0.057780381757766,-0.778074814006686,-0.869875990785658,-0.16794462595135,13.7041837774763
"238",-1,-0.659893057774752,0.803407772444189,-0.91302916361019,-0.39480840601027,6.51531843032734
"239",-1,-0.719942568801343,0.0023920526728034,-0.821709972340614,-0.572316115256399,5.10334200761268
"240",-1,-0.524186901282519,-0.0206897971220315,-0.23253604862839,-0.414767904672772,4.95021677065277
"241",-1,0.821966545190662,-0.52525605307892,0.147767611779273,0.125954451970756,7.49922779939473
"242",-1,0.0380614046007395,0.881953568197787,0.188033341895789,-0.556552762631327,-4.65531329527032
"243",-1,-0.154067892581224,-0.231816613581032,0.0283605773001909,-0.0550324167124927,11.1722537802368
"244",-1,-0.776045065373182,-0.310823095962405,0.790018715430051,0.466921688523144,-9.76501810142955
"245",-1,0.0111938216723502,0.939275650773197,-0.129924013279378,-0.450695666484535,0.950049318348277
"246",-1,-0.946619234979153,-0.755607561673969,0.0768241537734866,-0.144781195092946,-4.13836281847131
"247",-1,0.242823439184576,0.990125150885433,0.492424833122641,-0.100470518227667,-18.6614090940801
"248",-1,-0.902880697511137,0.231067074462771,0.432368378620595,-0.758216282818466,13.6275566103428
"249",-1,-0.564933060668409,0.456855403725058,0.127113671973348,-0.391195016447455,-2.17989023554006
"250",-1,-0.976994056254625,-0.436416044365615,0.966476358938962,0.435036160051823,-8.71195357888903
"251",-1,-0.0456235716119409,-0.408311242703348,0.488641845993698,0.971163491718471,-28.2401169025024
"252",-1,0.128578798379749,0.67169069731608,0.579920563381165,0.257749507669359,-8.46753964990497
"253",-1,-0.171943095047027,0.838730377610773,0.378140302374959,0.0292089316062629,14.9516531758148
"254",-1,-0.344198070000857,0.511564295273274,0.739950828254223,0.00606032880023122,-5.54672557621412
"255",-1,0.851089772768319,0.480877203401178,0.515129935462028,0.0130326892249286,3.04177797713085
"256",-1,-0.451338544022292,-0.881631769239902,-0.847443265840411,0.425487946718931,-12.1528433526314
"257",-1,0.773674715775996,-0.371299710590392,0.510075522586703,-0.766551208216697,-21.4040442102112
"258",-1,-0.027831616345793,-0.703812536783516,-0.53433521464467,-0.0528993993066251,8.60762947709571
"259",-1,0.066513791680336,-0.465967492666095,-0.674674158450216,0.0939029972068965,-16.480040873728
"260",-1,-0.229676581919193,0.10351941594854,0.829253856092691,-0.558014837559313,-9.26775320636278
"261",-1,0.434818915091455,-0.458475460764021,-0.168565593194216,-0.467484595254064,-6.29652461224028
"262",-1,0.621091699227691,0.720488098915666,-0.0843803095631301,-0.724669792223722,0.587340890043945
"263",-1,-0.961340048350394,-0.273324927315116,0.0556247835047543,-0.622607261873782,-15.8161610059985
"264",-1,0.0813489016145468,0.835063176695257,-0.548658579122275,0.0511169317178428,10.5190917710175
"265",-1,0.279832513071597,-0.783392905257642,0.174460597801954,0.567715194541961,-14.431421865412
"266",-1,0.867607480380684,-0.834008235484362,-0.479400258511305,-0.485340187791735,-16.2943022415234
"267",-1,-0.12276966823265,-0.125582570210099,-0.385056752711535,0.744311032816768,0.508280382661038
"268",-1,0.632436578627676,0.350478103384376,0.0310798049904406,-0.279931977391243,-21.2940802587891
"269",-1,0.595788120757788,0.249496827833354,-0.672114127781242,0.403688602615148,-14.8204559932214
"270",-1,-0.101626905612648,-0.0574003756046295,0.459138109348714,-0.996444407850504,-24.3925218940056
"271",-1,-0.277327666059136,0.820637456607074,0.835114293266088,-0.563304622191936,12.5513135518616
"272",-1,-0.0964918793179095,0.822001096792519,-0.200739649590105,-0.656055862084031,-3.41767314739722
"273",-1,-0.54190611699596,0.0509794014506042,0.365528900176287,-0.601032367441803,-13.715053319764
"274",-1,-0.997672520112246,-0.656891422346234,0.962602339219302,0.108851591590792,-10.9117130411773
"275",-1,-0.37948652356863,-0.636187120806426,-0.671520005445927,-0.854476095642895,-20.9273592588466
"276",-1,0.569256800226867,-0.952067739795893,-0.704819573555142,0.192280095536262,16.1257473945854
"277",-1,-0.958030596841127,-0.0420518517494202,-0.383625123649836,0.233819072600454,15.6598478700995
"278",-1,0.825676813721657,0.0701821711845696,-0.359750033821911,-0.936232567299157,8.42813854345802
"279",-1,-0.0627698753960431,0.729714400600642,0.58359754178673,-0.744986171834171,-3.51333593105112
"280",-1,0.261212504468858,-0.261590843088925,0.464081225451082,-0.631342596840113,6.27069332102283
"281",-1,0.0325062037445605,-0.490421270951629,-0.565041572786868,-0.937332456931472,-3.3742723905544
"282",-1,-0.687048370949924,-0.867147425189614,0.954528839327395,0.628784606233239,-1.39125582533289
"283",-1,-0.538772541098297,-0.220484405755997,-0.591895322781056,-0.415831501595676,14.3503634092253
"284",-1,-0.528350143693388,0.176502599846572,-0.213811577763408,-0.0310479560866952,15.2020543957133
"285",-1,0.726868123747408,0.0970484595745802,-0.499543332960457,-0.174813625402749,13.2825055787462
"286",-1,-0.501532346475869,-0.201291221659631,-0.305693206377327,-0.369797819759697,1.85596690851453
"287",-1,0.822354656644166,-0.166076698806137,0.279966890346259,-0.920270731206983,-0.624921750337357
"288",-1,0.61640911642462,-0.4436030020006,0.800220004282892,-0.923371769487858,2.18781587466598
"289",-1,-0.122521329671144,0.811396204866469,-0.418585693463683,0.545494254678488,-0.0286445729883069
"290",-1,0.31573159666732,-0.266951787751168,0.626909725833684,0.179734452627599,6.57164963290124
"291",-1,0.563275673892349,-0.405861007515341,-0.244007573928684,0.63307068310678,11.4212906030871
"292",-1,-0.863531514536589,-0.62361066415906,0.962588167283684,0.530122041236609,-17.6479523719162
"293",-1,0.565525352023542,-0.00260730693116784,-0.271343138068914,0.456803958397359,2.15100459344978
"294",-1,-0.973242569714785,0.153978189919144,-0.0726624866947532,0.759414903819561,-11.4144284789161
"295",-1,0.265972761902958,0.187267467845231,-0.244869528803974,-0.728473133873194,-5.28383924343443
"296",-1,0.282196981366724,-0.199816923588514,0.271500563248992,-0.798435746692121,18.4683382919125
"297",-1,-0.330709336791188,0.449528132099658,0.725009486544877,-0.508830735459924,-12.2640040287743
"298",-1,-0.250816373154521,-0.758789606392384,-0.625426708254963,0.521309038624167,5.95564222163697
"299",-1,0.486424132715911,-0.612663365434855,0.330022134818137,-0.604748544283211,11.7231533228617
"300",-1,0.422032997012138,-0.737308891955763,0.477432779036462,0.553763955831528,0.1972212266981
"301",-1,-0.404157141689211,0.865546754095703,-0.930405768100172,-0.540295404847711,11.9863002505735
"302",-1,-0.65388648910448,0.560237515252084,0.927591592073441,-0.174679355695844,-19.1720520994947
"303",-1,0.12263256451115,0.16496593458578,0.573165267705917,0.571349706500769,5.12445221042509
"304",-1,-0.0337640414945781,0.236761400941759,0.0420036534778774,-0.455521969124675,-3.68594617872443
"305",-1,0.9092628210783,-0.00707730231806636,-0.299496245570481,0.181776345241815,5.60333125196325
"306",-1,0.459980181884021,-0.721038827206939,0.167414346709847,0.120622047223151,7.11541333402883
"307",-1,-0.835466243792325,-0.336798678617924,0.431231921538711,0.112949962262064,5.07277515987595
"308",-1,0.631170362699777,-0.656916458159685,0.561699719168246,-0.830128273926675,-0.641757286884928
"309",-1,-0.855116408783942,-0.902664427645504,0.25569094857201,0.471498977858573,-19.8957170726951
"310",-1,-0.277390655130148,-0.199120302218944,0.294115029275417,-0.516654939390719,-4.86807024414011
"311",-1,0.525052899960428,-0.531054177787155,0.47753157839179,0.670982028357685,1.72643728318147
"312",-1,0.225418699439615,-0.430298684164882,0.967864221893251,-0.92351608723402,0.419259483026365
"313",-1,0.891137321479619,0.135632373858243,0.181619355920702,-0.988830998539925,9.06454675977308
"314",-1,-0.156210358254611,-0.0780950509943068,0.61500671133399,0.904514514841139,-26.2888215103075
"315",-1,0.39741376042366,-0.418949121143669,-0.683945387136191,0.358684006147087,5.41312578897008
"316",-1,0.480842697434127,-0.0776494243182242,0.889598311856389,0.660623495001346,0.510918803458575
"317",-1,0.476423300337046,-0.519098919350654,0.0956450649537146,0.438041862566024,-7.37074871025466
"318",-1,-0.192460016347468,-0.685494946781546,0.0626655044034123,-0.772350292187184,-5.06067242599015
"319",-1,-0.519190272781998,-0.188743565231562,0.589450756087899,0.450176633428782,-5.0611196872686
"320",-1,-0.521862001158297,0.563309123273939,-0.749197356868535,0.247833485715091,6.01870572454825
"321",-1,0.790163420140743,0.299948709085584,-0.434832589700818,-0.782142120413482,1.02303883680125
"322",-1,-0.754108870401978,-0.863940258510411,0.316758130211383,0.465888551436365,3.24797414212381
"323",-1,-0.416315343230963,-0.744683215394616,0.983129456173629,-0.463282904122025,-0.0272514545421427
"324",-1,-0.198772731237113,0.888475282583386,0.292614415287971,-0.370015448424965,-22.8833282832796
"325",-1,0.597807250916958,0.181433658115566,0.449230887461454,0.276611827779561,11.579344079329
"326",-1,0.929972276091576,-0.636742007452995,-0.689991772640496,-0.443049503490329,15.7236472422911
"327",-1,-0.669189824722707,0.767217109911144,-0.0709085934795439,0.67454729648307,-5.00831551182752
"328",-1,0.388132139109075,0.158760083839297,0.358091020956635,0.448629933409393,-14.076119287706
"329",-1,-0.505466100294143,0.897797894198447,-0.981905309483409,0.561115292366594,7.8650399512483
"330",-1,-0.731678011827171,-0.448887154925615,-0.211302585434169,0.663501978386194,11.1419801129813
"331",-1,0.293527527712286,0.6213882509619,-0.595191957429051,-0.513749909121543,-5.19123664845502
"332",-1,0.786605660337955,0.505870936438441,-0.178670019842684,-0.293736166320741,3.16012290150512
"333",-1,-0.590908301994205,-0.341520951129496,-0.770347848534584,-0.976578781846911,4.25155042065427
"334",-1,-0.283358569256961,-0.79275069013238,-0.806180343497545,-0.0708059808239341,4.98671079975176
"335",-1,-0.580733905080706,-0.643870159983635,0.282888755202293,0.572592454496771,-19.1008862344854
"336",-1,-0.99792975327,-0.346936196088791,-0.220031498931348,0.720498591661453,-13.8524035521491
"337",-1,0.171684864442796,0.820223012007773,-0.941030267626047,0.778341768775135,14.4632811096281
"338",-1,-0.654584422707558,0.434296675026417,0.440038910601288,-0.711039172019809,-8.43300640927834
"339",-1,-0.938319488894194,0.663131970912218,-0.575080384034663,-0.744309835135937,7.00662319454934
"340",-1,-0.144120508339256,0.890530694276094,-0.330030664335936,0.465037234593183,8.80797864111728
"341",-1,0.401712907012552,0.117715141735971,0.519450952298939,-0.0675648683682084,-1.41537748681862
"342",-1,-0.00150346709415317,-0.210685326717794,-0.169289443641901,-0.469630397390574,21.088706289043
"343",-1,0.376340047456324,0.538764904253185,-0.584385874215513,0.581363929901272,9.30760721566912
"344",-1,-0.109608745668083,0.834878120571375,0.766523000318557,0.726713269483298,-0.0536093875134325
"345",-1,0.506517825648189,-0.0400903187692165,0.209193496964872,-0.979005387984216,-3.39952648290534
"346",-1,-0.605740210507065,-0.800027620047331,0.318480292800814,-0.00140577182173729,-15.8733257829585
"347",-1,-0.220778937917203,-0.578283653594553,0.685783992055804,0.926487149205059,-15.3274645331842
"348",-1,-0.744811803568155,-0.677508270833641,0.605443546082824,-0.19646438350901,-0.556390086665135
"349",-1,-0.0464210473001003,-0.108186564408243,-0.313396918121725,0.118248759768903,3.73553703165868
"350",-1,0.675082891248167,-0.264030603691936,0.964511197526008,-0.463694562669843,-10.9393119891956
"351",-1,0.763114033732563,-0.207800135947764,0.989533469080925,0.290539453737438,18.8626966861197
"352",-1,0.833963442128152,0.180037021171302,0.473170106299222,0.911689734086394,5.22252457285331
"353",-1,-0.609447352588177,0.0859513436444104,0.0745187504217029,-0.803275808691978,-0.0123519095296376
"354",-1,-0.489346510730684,-0.454906737431884,0.789384353905916,0.636826865375042,-12.7596138729092
"355",-1,-0.622965604066849,-0.0228557959198952,0.140802568756044,-0.236549927853048,12.7890563817309
"356",-1,-0.76421649986878,-0.147545871324837,-0.196655540727079,0.809687680099159,2.22651330009859
"357",-1,0.534006208181381,0.542206095065922,0.277507404796779,0.867151848971844,5.81866856819079
"358",-1,0.871455817483366,-0.782512304373085,-0.0344053134322166,0.360974404495209,17.6124874091407
"359",-1,-0.528726466465741,-0.0558712230995297,0.599348954390734,-0.18827826436609,2.94336144872588
"360",-1,0.540592339355499,0.588028203230351,-0.602504004724324,-0.502067510038614,24.67219075098
"361",-1,-0.53186228685081,0.351736972108483,0.256467142142355,-0.786259587388486,1.4537362019898
"362",-1,0.431754161138088,-0.0550166214816272,0.119839918799698,-0.925478166900575,6.03554888221535
"363",-1,0.945400242693722,-0.65107306279242,0.582678826991469,0.752581147477031,3.9371371201639
"364",-1,0.448021666612476,-0.852893048431724,0.978197156451643,-0.621850329916924,1.4010552016133
"365",-1,0.388110368978232,-0.00760211050510406,0.343289288226515,0.972959754057229,2.47089289574772
"366",-1,-0.0340707050636411,0.218853272963315,-0.405755309853703,0.913383080624044,-4.32257009458909
"367",-1,0.602721492294222,-0.614823320880532,0.403440909925848,-0.465483877807856,1.20581405138109
"368",-1,0.677483732812107,0.760675728321075,0.0314756082370877,0.46357497619465,18.4815395365025
"369",-1,-0.147924677468836,-0.813811987172812,0.806192538235337,0.508178820367903,-12.6230584477905
"370",-1,-0.374419125262648,-0.875325469300151,0.0424229395575821,0.990661303978413,1.8418248872246
"371",-1,-0.817111419513822,0.405957418959588,0.784122356213629,0.98863671021536,1.10747979305659
"372",-1,0.101401647552848,0.708383321296424,0.0601635901257396,0.498493475373834,-26.7345274549687
"373",-1,-0.924931928515434,0.601974159944803,-0.00105755217373371,0.237777146976441,-4.27656721628038
"374",-1,-0.44219088088721,0.482709642499685,-0.0775792780332267,-0.649426539894193,11.5105442357738
"375",-1,-0.233999629504979,-0.571170240174979,0.615793448407203,0.647105398587883,-20.3305654220885
"376",-1,0.767928209621459,0.379965112544596,-0.0628799539990723,-0.571399124804884,16.6934234966743
"377",-1,0.843977907672524,0.335341634228826,-0.912718547508121,-0.913706731051207,27.1795748815052
"378",-1,-0.194129886105657,-0.853231164626777,-0.772027043160051,0.533783419523388,-7.45719367871921
"379",-1,-0.130491786636412,-0.391437604557723,-0.456563314422965,0.411089086905122,-14.6334352333073
"380",-1,-0.479724230244756,-0.849561093375087,-0.28385059395805,0.407489746343344,-14.2144466224194
"381",-1,0.59823562623933,0.831696428824216,-0.580973227508366,-0.81634574290365,-9.66463301791134
"382",-1,0.175778638571501,-0.4450897234492,0.694316077511758,0.295356244314462,1.81045145400736
"383",-1,0.856476998887956,-0.252400616649538,-0.0984296496026218,0.388433677144349,-7.31983176646023
"384",-1,0.312497122678906,-0.539512325078249,0.204956872388721,-0.468205537647009,-4.24161721309101
"385",-1,0.820810850244015,0.66345130931586,0.430772623512894,-0.627439359668642,26.4976386510607
"386",-1,0.672375450376421,0.295997116249055,0.515874982811511,-0.196779676713049,0.785517594605221
"387",-1,-0.149320700671524,-0.842460742685944,-0.0421390645205975,-0.68312668427825,5.87413542096518
"388",-1,0.760436448268592,0.262621246278286,0.0162964696064591,0.165154154412448,8.19019894126154
"389",-1,0.593706809915602,-0.664233360439539,-0.365781333297491,0.564928632695228,3.71831895673538
"390",-1,-0.728716065641493,-0.697880356106907,-0.764089107047766,-0.617448196280748,8.22645691110907
"391",-1,-0.742874968331307,-0.557972009759396,-0.256354711484164,-0.462061564438045,7.76429662081237
"392",-1,0.838007911574095,-0.308786009438336,0.883524410426617,-0.124799377750605,20.3104872348728
"393",-1,-0.166523267980665,0.461499381344765,0.817404601257294,0.414178480394185,-16.1733499596418
"394",-1,0.819884891621768,-0.851540509145707,-0.873541045468301,-0.94016351364553,-3.09265996419905
"395",-1,0.847318159416318,0.353117910213768,0.34544016327709,-0.480599795933813,-1.42776620176053
"396",-1,-0.165682758204639,0.326219694223255,0.392164257355034,0.588064524810761,0.851257148551514
"397",-1,-0.70930764451623,0.619481309782714,-0.965097985230386,-0.051414901856333,0.461831877630889
"398",-1,-0.68308414472267,-0.482866524253041,-0.712712467648089,-0.975959379691631,6.39897231478546
"399",-1,0.997489339206368,0.396647398825735,0.275631369557232,-0.293369502294809,-1.5771049854962
"400",-1,-0.838953018654138,0.810074633453041,0.0907458611764014,-0.28952358243987,0.996315303302795
"401",-1,0.742679317947477,0.462876019999385,-0.380780388135463,-0.0384097890928388,-6.0344219451475
"402",-1,0.948962551075965,-0.815218511968851,-0.29364731349051,-0.420795990619808,-6.49650997067687
"403",-1,-0.813492385670543,0.330561446025968,-0.61542539158836,0.00399254588410258,5.70437953295808
"404",-1,-0.236896131653339,-0.66541516315192,-0.655381763819605,0.629647934343666,-18.9036706001369
"405",-1,0.445797376334667,0.632552723400295,-0.782963274046779,0.893741595558822,4.20328800871812
"406",-1,-0.508185637183487,0.789589293766767,0.179520300589502,0.159048618283123,10.3934343734589
"407",-1,0.312758069485426,-0.0224804738536477,-0.592838121112436,0.791895532980561,22.7340654678877
"408",-1,-0.932704306673259,0.994544129818678,-0.643489275127649,0.99495583679527,10.2248391164219
"409",-1,0.664604675490409,0.262336384970695,0.412275597918779,0.714295649901032,4.60438102823921
"410",-1,0.879004465881735,-0.384199061896652,-0.584989166352898,-0.343390170484781,-4.26498643841352
"411",-1,0.338648021221161,-0.103044923394918,-0.508152917493135,0.570698313415051,6.62361036722069
"412",-1,-0.883471459150314,0.880066746845841,0.026264850050211,-0.513855664525181,11.1987174309605
"413",-1,0.153353701811284,0.547583423089236,0.784965121652931,-0.529041203670204,9.72839198106501
"414",-1,-0.863567803055048,-0.616101989988238,-0.701426511164755,-0.293222116306424,1.04753522385812
"415",-1,-0.341139822266996,-0.0953759448602796,-0.713808824308217,0.901800332125276,-17.1658437826949
"416",-1,-0.874775600619614,-0.356581474654377,-0.595102571882308,-0.239849286619574,5.33857543934017
"417",-1,-0.426513961050659,0.854936580173671,-0.0612989780493081,0.16981288138777,6.83282585380878
"418",-1,0.521920621395111,-0.0499614649452269,0.0635402016341686,0.818581242579967,-13.4631355057393
"419",-1,0.138826676644385,0.221116223372519,0.673885135445744,-0.338434741366655,1.84884092194486
"420",-1,0.620559042785317,-0.171321832574904,-0.861846202984452,0.746430901810527,10.0037015476171
"421",-1,-0.0820763730444014,0.546310171484947,0.30862050736323,0.678836497478187,3.53496686019761
"422",-1,-0.367867791559547,-0.354683545418084,-0.513678605202585,0.00415660347789526,-23.2061948047885
"423",-1,-0.460158582776785,-0.740008828695863,-0.232035277877003,-0.298521982971579,5.13498373414808
"424",-1,-0.0570172020234168,0.829800617415458,0.596124753821641,0.293355422094464,-7.95511012688463
"425",-1,-0.669404057785869,-0.604467442724854,-0.878078067209572,0.0166613161563873,3.58899878707649
"426",-1,0.145020487252623,0.466165537945926,-0.957086220849305,-0.700853424612433,-2.4734620238421
"427",-1,0.449422006029636,-0.207866826560348,0.46119036199525,-0.192871695384383,5.09162803763904
"428",-1,0.147456739097834,-0.225933711975813,0.349185319617391,0.659831728320569,-23.5785004592096
"429",-1,0.0750929745845497,-0.977198120206594,-0.635041425004601,0.431548377964646,6.42700650277221
"430",-1,0.59008301794529,0.877397496718913,0.871099053416401,-0.253514004405588,8.21215704466851
"431",-1,-0.956362646538764,0.246937540825456,0.923302853945643,-0.632784964516759,-9.83934112906239
"432",-1,0.583124883007258,0.601854069158435,-0.550307559780777,-0.681834698654711,-0.57831757466244
"433",-1,-0.64792870124802,0.583506045397371,-0.844084664713591,0.387450851965696,-6.84656514960655
"434",-1,-0.860808762721717,0.0566878491081297,0.461140436120331,-0.677240127231926,7.72538278281704
"435",-1,0.927314988337457,-0.163503572810441,-0.835795649792999,-0.0665070884861052,0.898480033033272
"436",-1,-0.479475433472544,0.177132899872959,-0.386710622813553,-0.880518831312656,19.0692023120053
"437",-1,0.742710410617292,0.933695210143924,-0.306785733439028,0.489754445850849,2.63940592069352
"438",-1,0.169103173539042,-0.135249058250338,0.550660661421716,-0.80737217888236,-5.67952202242849
"439",-1,-0.462081040721387,0.0485078785568476,0.737228428479284,-0.574144344311208,-1.86665093619667
"440",-1,-0.0978162293322384,0.241248387377709,-0.00170740345492959,0.478146663401276,-2.15534708928169
"441",-1,-0.795444532763213,-0.270873577333987,-0.413502638693899,-0.198105761781335,12.3097314599323
"442",-1,0.877559654414654,-0.948160802479833,0.351742434315383,-0.484051207080483,-0.355886997928623
"443",-1,0.522084034979343,-0.768545935861766,-0.109489896800369,-0.421743146609515,-0.633397386686649
"444",-1,-0.447954348288476,0.934480187483132,-0.555006343871355,0.027063297573477,33.9017107590118
"445",-1,-0.820271202363074,-0.789722245652229,-0.289844069629908,0.41807821765542,-5.13926081460894
"446",-1,-0.18061200203374,-0.121467501856387,0.802387714851648,-0.775315366219729,-8.19755207691989
"447",-1,0.32678959518671,0.0135361407883465,0.664143808651716,0.467457001563162,9.6053698881556
"448",-1,-0.837663553189486,-0.853365522343665,0.618469260167331,0.473866312764585,-8.60942874664987
"449",-1,0.228897955268621,0.927983250003308,-0.759484674781561,-0.715243321843445,24.23097018384
"450",-1,-0.750549986958504,-0.0223168721422553,-0.69289981527254,0.302327243611217,-1.9762036172678
"451",-1,0.835238586179912,0.643383292481303,-0.270274427719414,-0.210121782962233,-1.19822952674053
"452",-1,0.465233616530895,-0.41445114929229,0.0782482088543475,0.355063412804157,-11.7929011916542
"453",-1,-0.601814417168498,-0.231755761429667,0.119402552954853,-0.413056791760027,-3.29441149826028
"454",-1,-0.964405023492873,0.835986820515245,-0.234085864387453,-0.685339097399265,1.16582614395318
"455",-1,0.597049361094832,-0.977309734094888,-0.560186604503542,-0.620209593791515,5.66373213093268
"456",-1,0.798844832926989,-0.669249630067497,-0.378177002537996,0.468024448025972,4.56168184796711
"457",-1,0.878562130965292,0.411065517459065,0.990419388283044,-0.0971744270063937,-8.92004675976835
"458",-1,-0.0605781697668135,-0.360657196957618,0.535210478585213,0.400172242894769,-31.5679047751243
"459",-1,-0.750759943854064,0.386278404388577,0.832965127192438,-0.54132726136595,-9.76157539569459
"460",-1,-0.266024285927415,-0.910712409764528,-0.839885938446969,-0.103902844246477,18.7476352205164
"461",-1,0.444690577685833,-0.960877859499305,-0.732924681156874,-0.269962158985436,11.7561123261456
"462",-1,0.437601178418845,-0.607628303114325,0.731491276994348,0.681528306100518,-5.87838965129437
"463",-1,0.609405399765819,-0.148722963873297,-0.957504269201308,0.564012483693659,-4.4533981194388
"464",-1,0.419218146707863,-0.340585079509765,0.3849186017178,0.699502545408905,-16.1359770320817
"465",-1,-0.0753895379602909,0.960120519157499,0.157472115941346,0.318424194119871,-9.31015683000918
"466",-1,-0.773055504076183,0.358757020439953,-0.568261762149632,0.667231239844114,-2.53963999525838
"467",-1,-0.56823903741315,-0.365645906887949,0.200692852493376,0.279157552868128,-12.5068917148212
"468",-1,0.221668968908489,-0.651647903490812,0.44098444795236,0.551976762246341,8.98947508932176
"469",-1,0.741489961277694,-0.925577705260366,-0.319468832109123,-0.28418017597869,-1.86259767311786
"470",-1,-0.283164262305945,0.0768461669795215,0.37072652997449,0.020211850758642,4.97019596942889
"471",-1,-0.094420884270221,0.526222346350551,-0.700533336959779,0.612034056335688,18.5842069857981
"472",-1,-0.0232669324614108,0.39406101545319,-0.88243757840246,-0.480574664194137,7.83180258602272
"473",-1,-0.612787782680243,-0.144538669846952,-0.469816945493221,0.202766558621079,3.63673853560564
"474",-1,0.396232507191598,-0.413833242841065,-0.700501105748117,0.55910816276446,10.0123301222687
"475",-1,-0.627372368238866,0.839050742331892,-0.814433587249368,0.820127013139427,-5.25890205749859
"476",-1,0.97011477034539,-0.645495997276157,0.234297108836472,0.935407637152821,-19.8057996536151
"477",-1,0.397413230035454,0.431263565085828,0.635395382996649,0.253353444859385,2.50167100490907
"478",-1,-0.671010935213417,-0.0856518382206559,-0.217513264622539,0.919779973570257,-15.8558776298244
"479",-1,0.823115713894367,-0.0799201899208128,0.625290350057185,-0.171908479649574,-2.10663375602161
"480",-1,-0.167690329719335,0.450068175792694,0.175992865115404,0.934974886942655,-13.7063120750333
"481",-1,0.59332466730848,-0.89313313132152,0.594189963303506,0.920179713517427,4.72143712879202
"482",-1,-0.867524314206094,0.0423106397502124,0.269570798613131,0.954365058802068,-11.7934279825151
"483",-1,-0.19409866258502,0.732342260424048,-0.0821062359027565,-0.250665619503707,6.61529001672593
"484",-1,-0.589643300510943,-0.27422580588609,-0.583493593614548,0.983847095631063,-4.63232560685155
"485",-1,-0.261059504933655,-0.692530155647546,0.976044540759176,0.0257144076749682,-7.37176204729787
"486",-1,-0.356854339130223,0.224600020796061,-0.968373609241098,-0.0979764745570719,-17.1939520290988
"487",-1,0.354610595386475,0.846576180774719,0.170319813769311,0.363232451956719,3.32585993755775
"488",-1,0.483530378900468,0.15639923652634,-0.677567923907191,-0.204854475799948,4.16653254889264
"489",-1,0.237842497881502,0.462833175901324,0.493201201781631,-0.833037128672004,28.8108971546498
"490",-1,0.528494569472969,-0.0766050373204052,0.218420775607228,-0.349704561755061,3.10707506409883
"491",-1,0.00979931140318513,0.960735592525452,0.196907858364284,0.753449006006122,-6.23290286623996
"492",-1,-0.870343558490276,-0.820974132977426,-0.527237177826464,0.0204944373108447,8.33904932273241
"493",-1,-0.210029777605087,-0.86479567643255,-0.94270073948428,-0.753132531419396,11.0986830085585
"494",-1,0.964169968850911,0.974555217660964,-0.476109764538705,-0.601696453522891,18.5441288538103
"495",-1,-0.892004795838147,0.93654211005196,-0.733246583025903,-0.670812849421054,30.5147054953124
"496",-1,0.974762741476297,0.324112068861723,-0.189840872306377,0.781581869814545,7.11606072151919
"497",-1,-0.096417483408004,-0.71965155377984,0.93168964702636,0.369976385030895,6.9863756577764
"498",-1,-0.436370651703328,0.981397022027522,-0.158768226392567,0.179855596739799,-13.662313153061
"499",-1,-0.956196977291256,0.732996116392314,0.112383977510035,-0.187257062178105,6.48383414703145
"500",-1,-0.291629447601736,0.505280717276037,0.749847260769457,-0.345087592955679,-3.79992927150756
